320193|Apple Inc.|10-Q|2025-05-02|edgar/data/320193/0000320193-25-000057.txt|edgar/data/320193/0000320193-25-000057-index.html
320193|Apple Inc.|144|2025-04-02|edgar/data/320193/0001950047-25-002338.txt|edgar/data/320193/0001950047-25-002338-index.html
320193|Apple Inc.|144|2025-04-02|edgar/data/320193/0001959173-25-002460.txt|edgar/data/320193/0001959173-25-002460-index.html
320193|Apple Inc.|144|2025-04-02|edgar/data/320193/0001969223-25-000218.txt|edgar/data/320193/0001969223-25-000218-index.html
320193|Apple Inc.|144|2025-04-23|edgar/data/320193/0001950047-25-002536.txt|edgar/data/320193/0001950047-25-002536-index.html
320193|Apple Inc.|25-NSE|2025-05-22|edgar/data/320193/0001354457-25-000451.txt|edgar/data/320193/0001354457-25-000451-index.html
320193|Apple Inc.|424B2|2025-05-05|edgar/data/320193/0001140361-25-017233.txt|edgar/data/320193/0001140361-25-017233-index.html
320193|Apple Inc.|424B2|2025-05-06|edgar/data/320193/0001140361-25-017543.txt|edgar/data/320193/0001140361-25-017543-index.html
320193|Apple Inc.|4|2025-04-03|edgar/data/320193/0000320193-25-000042.txt|edgar/data/320193/0000320193-25-000042-index.html
320193|Apple Inc.|4|2025-04-03|edgar/data/320193/0000320193-25-000043.txt|edgar/data/320193/0000320193-25-000043-index.html
320193|Apple Inc.|4|2025-04-03|edgar/data/320193/0000320193-25-000044.txt|edgar/data/320193/0000320193-25-000044-index.html
320193|Apple Inc.|4|2025-04-03|edgar/data/320193/0000320193-25-000045.txt|edgar/data/320193/0000320193-25-000045-index.html
320193|Apple Inc.|4|2025-04-17|edgar/data/320193/0000320193-25-000048.txt|edgar/data/320193/0000320193-25-000048-index.html
320193|Apple Inc.|4|2025-04-17|edgar/data/320193/0000320193-25-000049.txt|edgar/data/320193/0000320193-25-000049-index.html
320193|Apple Inc.|4|2025-04-25|edgar/data/320193/0000320193-25-000051.txt|edgar/data/320193/0000320193-25-000051-index.html
320193|Apple Inc.|4|2025-05-14|edgar/data/320193/0000320193-25-000059.txt|edgar/data/320193/0000320193-25-000059-index.html
320193|Apple Inc.|8-K|2025-05-01|edgar/data/320193/0000320193-25-000055.txt|edgar/data/320193/0000320193-25-000055-index.html
320193|Apple Inc.|8-K|2025-05-12|edgar/data/320193/0001140361-25-018400.txt|edgar/data/320193/0001140361-25-018400-index.html
320193|Apple Inc.|FWP|2025-05-06|edgar/data/320193/0001140361-25-017410.txt|edgar/data/320193/0001140361-25-017410-index.html
320193|Apple Inc.|SD|2025-04-04|edgar/data/320193/0001140361-25-012359.txt|edgar/data/320193/0001140361-25-012359-index.html
